{
  "profile_version": 1,
  "processed_question_ids": [
    "q_1"
  ],
  "aggregated_metrics": {
    "total_questions_processed": 1,
    "total_valid_answers": 1,
    "total_empty_answers": 0,
    "cumulative_word_count": 2,
    "cumulative_speaking_duration": 0.7700000000000031,
    "average_speech_rate": 2.5974025974025867,
    "cumulative_filler_word_count": 0,
    "average_filler_ratio": 0.0,
    "average_complexity_score": 8.0,
    "average_pause_duration": 3.1999999999999957
  },
  "per_answer_records": [
    {
      "question_id": "q_1",
      "question_text": "The question that we'll be doing is design TikTok.",
      "question_start_time": 37.22,
      "answer_text": "Design TikTok.",
      "answer_start_time": 43.9,
      "answer_end_time": 44.67,
      "linked_segment_ids": [
        "seg_8",
        "seg_9"
      ],
      "features": {
        "word_count": 2,
        "speaking_duration": 0.7700000000000031,
        "speech_rate": 2.5974025974025867,
        "filler_word_count": 0,
        "filler_word_ratio": 0.0,
        "lexical_diversity": 1.0,
        "complexity_score": 8.0,
        "pause_duration_before_answer": 3.1999999999999957
      }
    }
  ],
  "timestamps": {
    "created_at": "2026-02-02T05:53:06.772566",
    "last_updated": "2026-02-02T05:53:06.772585"
  }
}